News,Montana hiker killed in grizzly bear attack.,Bozeman
Private Ad,Garage for sale in Kyiv.,22-04-2022
Weather,5,
News,Gas prices are high. Oil CEOs reveal why they're not drilling more.,New-York
Private Ad,Will give the dog in good hands.,05-04-2022
Weather,3,
News,Deepfakes are now trying to change the course of war,New-York
Private Ad,Looking for babysitter.,21-04-2022
Weather,4,
News,Utah enacts anti-trans sports ban after Republican lawmakers override GOP governor's veto,Utah
Private Ad,New carwash opened.,15-05-2022
Weather,7,
News,China Eastern Airlines grounds 223 Boeing 737-800 aircraft after crash,Hong Kong
Private Ad,Our chesebakery is waiting for you,16-05-2022
Weather,2,
